{
	"type": "FeatureCollection",
	"features": [
	  {
		"type": "Feature",
		"properties": {
		  "name": "钓鱼岛（小范围）" 
		},
		"geometry": {
		  "type": "Polygon",
		  "coordinates": [
			[
			  [
				123.47645759582518,
				25.752280195982937
			  ],
			  [
				123.46624374389648,
				25.750115606412873
			  ],
			  [
				123.45637321472168,
				25.74246191987205
			  ],
			  [
				123.45766067504883,
				25.734807740320463
			  ],
			  [
				123.46379756927489,
				25.733261381571015
			  ],
			  [
				123.47834587097167,
				25.740142523580932
			  ],
			  [
				123.48993301391602,
				25.739524010257774
			  ],
			  [
				123.49473953247069,
				25.74338966571253
			  ],
			  [
				123.48744392395018,
				25.749883683762206
			  ],
			  [
				123.47645759582518,
				25.752280195982937
			  ]
			]
		  ]
		}
	  },
	  {
		"type": "Feature",
		"properties": {
		  "name": "黄尾屿"
		},
		"geometry": {
		  "type": "Polygon",
		  "coordinates": [
			[
			  [
				123.68365287780763,
				25.929333321846993
			  ],
			  [
				123.67867469787598,
				25.929024559605033
			  ],
			  [
				123.67485523223877,
				25.923350909409745
			  ],
			  [
				123.68021965026854,
				25.91841036571276
			  ],
			  [
				123.6862277984619,
				25.91860335958691
			  ],
			  [
				123.6909055709839,
				25.92292633956824
			  ],
			  [
				123.68365287780763,
				25.929333321846993
			  ]
			]
		  ]
		}
	  },
	  {
		"type": "Feature",
		"properties": {
			"name": "sea-line-10"
		},
		"geometry": {
		  "type": "LineString",
		  "coordinates": [
			[
			  122.75299072265624,
			  24.66449040712424
			],
			[
			  122.4920654296875,
			  23.392681978612988
			]
		  ]
		}
	  },
	  {
		"type":"Feature",
		"properties":{
			"name": "sea-line-9"
		},
		"geometry":{
			"type":"LineString",
			"coordinates":[
			[121.17402648925781, 20.826547622680664],
			[121.91168975830078, 21.6975154876709]]
		  }
	  },
	  {
		"type":"Feature",
		"properties":{
			"name": "sea-line-8"
		},
		"geometry":{
			"type":"LineString",
			"coordinates":[
					[120.003662109375, 19.03096327846469],
					[119.47631835937499, 18.020527657852337]
			]
		  }
	  },
	  {
		"type": "Feature",
		"properties": {
			"name": "澎湖列岛"
		},
		"geometry": {
		  "type": "Polygon",
		  "coordinates": [
			[
			  [
				119.60884094238281,
				23.775919607316705
			  ],
			  [
				119.45571899414062,
				23.572798279092712
			  ],
			  [
				119.50653076171874,
				23.479621953329048
			  ],
			  [
				119.61090087890625,
				23.50103316052575
			  ],
			  [
				119.70359802246094,
				23.553287079563514
			  ],
			  [
				119.67681884765624,
				23.674712836608773
			  ],
			  [
				119.60884094238281,
				23.775919607316705
			  ]
			]
		  ]
		}
	  },
	  {
		"type": "Feature",
		"properties": {
			"name": "兰屿"
		},
		"geometry": {
		  "type": "Polygon",
		  "coordinates": [
			[
			  [
				121.49917602539062,
				22.089457418733065
			  ],
			  [
				121.49093627929689,
				22.046186184121368
			  ],
			  [
				121.61727905273438,
				21.931580835370344
			  ],
			  [
				121.61178588867186,
				22.00799468874913
			  ],
			  [
				121.57745361328125,
				22.084367373019568
			  ],
			  [
				121.49917602539062,
				22.089457418733065
			  ]
			]
		  ]
		}
	  },
	  {
		"type": "Feature",
		"properties": {
			"name": "钓鱼岛"
		},
		"geometry": {
		  "type": "Polygon",
		  "coordinates": [
			[
			  [
				123.54503631591797,
				25.787217396272062
			  ],
			  [
				123.4434127807617,
				25.7377457665226
			  ],
			  [
				123.55876922607422,
				25.716714083985256
			  ],
			  [
				123.54503631591797,
				25.787217396272062
			  ]
			]
		  ]
		}
	  },
	  {
		"type": "Feature",
		"properties": {
			"name": "东沙环礁"
		},
		"geometry": {
		  "type": "Polygon",
		  "coordinates": [
			[
			  [
				116.89453125,
				20.78693059257028
			  ],
			  [
				116.80389404296875,
				20.787251566955906
			  ],
			  [
				116.70570373535156,
				20.755792834207035
			  ],
			  [
				116.68064117431642,
				20.648527202745747
			  ],
			  [
				116.76269531249999,
				20.582652987607144
			  ],
			  [
				116.85951232910155,
				20.580081709180345
			  ],
			  [
				116.93950653076172,
				20.67197796569526
			  ],
			  [
				116.89453125,
				20.78693059257028
			  ]
			]
		  ]
		}
	  },
	  {
		"type": "Feature",
		"properties": {
		  "name": "东沙群岛",
		  "stroke": "#555555",
		  "stroke-width": 2,
		  "stroke-opacity": 1,
		  "fill": "#555555",
		  "fill-opacity": 0.5
		},
		"geometry": {
		  "type": "Polygon",
		  "coordinates": [
			[
			  [
				115.8233642578125,
				21.197216077387093
			  ],
			  [
				115.70800781249999,
				21.06912308335472
			  ],
			  [
				115.7464599609375,
				20.925527866647226
			  ],
			  [
				115.9332275390625,
				20.88960751040438
			  ],
			  [
				116.06506347656249,
				21.01272715296389
			  ],
			  [
				116.0101318359375,
				21.161361200807214
			  ],
			  [
				115.8233642578125,
				21.197216077387093
			  ]
			]
		  ]
		}
	  }
	]
}