{
"web_title":
	"nCoV: Directional supports",
"chinese_title":
	"兄弟省市对口支援图",
"sub_tiltle":
	"",
"sub_tiltle_chinese":
	"", 
"data_range":
	[{"name":"-武汉市","id":0,"range":[0,1]},
	{"name":"浙江-荆门市","id":1,"range":[0,1]},
	{"name":"内蒙古-荆门市","id":1,"range":[0,1]},
	{"name":"广西-十堰市","id":2,"range":[0,1]},
	{"name":"山西-仙桃市","id":3,"range":[0,1]},
	{"name":"天津-恩施土家族苗族自治州","id":4,"range":[0,1]},
	{"name":"江西-随州市","id":5,"range":[0,1]},
	{"name":"广东-荆州市","id":6,"range":[0,1]},
	{"name":"海南-荆州市","id":6,"range":[0,1]},
	{"name":"江苏-黄石市","id":7,"range":[0,1]},
	{"name":"河北-神农架林区","id":8,"range":[0,1]},
	{"name":"辽宁-襄阳市","id":9,"range":[0,1]},
	{"name":"宁夏-襄阳市","id":9,"range":[0,1]},
	{"name":"山西-天门市","id":3,"range":[0,1]},
	{"name":"福建-宜昌市","id":11,"range":[0,1]},
	{"name":"贵州-鄂州市","id":12,"range":[0,1]},
	{"name":"山西-潜江市","id":3,"range":[0,1]},
	{"name":"重庆-孝感市","id":14,"range":[0,1]},
	{"name":"黑龙江-孝感市","id":14,"range":[0,1]},
	{"name":"山东-黄冈市","id":15,"range":[0,1]},
	{"name":"湖南-黄冈市","id":15,"range":[0,1]},
	{"name":"云南-咸宁市","id":16,"range":[0,1]}],
"axis_range":
	[20191231,20200210],
"unit":"",
"chinese_unit":"",
"chinese_unit":"",
"data_point":
	[{"year":20191231,"event":"Report of pneumonia with unknown causes in China","chinese_event":"武汉出现不明原因肺炎病人"},
	{"year":20200111,"event":"Report of 41 confirmed cases in China","chinese_event":"中国武汉确诊41例新型冠状病毒"},
	{"year":20200119,"event":"First detected in Beijing, Guangdong","chinese_event":"首次在湖北以外省份确诊"},
	{"year":20200131,"event":"More than 10000 cases confirmed","chinese_event":"全国确诊人数超10000"},
	{"year":20200210,"event":"Start directional supports","chinese_event":"确定了支援武汉以外16个外地市的对口支援关系"}],
"is_date_data":0,
"is_data2axis":1,
"show_detail":1,
"show_path":0,
"use_brush":0,
"use_dragBlock":0,
"use_date_axis":1,
"dataSource":
	"National Health Commission of the People's Republic of China",
"dataSource_chinese":
	"卫生健康委员会",
"data_url":
	"https://www.baidu.com/link?url=WzGUlrQ4_bEHBWxkIIYsStz40oAB7OgZtaaw-yqlc_e&wd=&eqid=effd5e710029d9dc000000065e323f58",
"mapSource":
	"github.com/iWun/china_geojson",
"map_url":
	"https://github.com/iWun/china_geojson"
	}