{
	"type": "FeatureCollection",
	"features": [
	  {
		"type": "Feature",
		"properties": {
			"name": "sea-line-10"
		},
		"geometry": {
		  "type": "LineString",
		  "coordinates": [
			[
			  122.75299072265624,
			  24.66449040712424
			],
			[
			  122.4920654296875,
			  23.392681978612988
			]
		  ]
		}
	  },
	  {
		"type":"Feature",
		"properties":{
			"name": "sea-line-9"
		},
		"geometry":{
			"type":"LineString",
			"coordinates":[
			[121.17402648925781, 20.826547622680664],
			[121.91168975830078, 21.6975154876709]]
		  }
	  },
	  {
		"type":"Feature",
		"properties":{
			"name": "sea-line-8"
		},
		"geometry":{
			"type":"LineString",
			"coordinates":[
					[120.003662109375, 19.03096327846469],
					[119.47631835937499, 18.020527657852337]
			]
		  }
	  },
	  {
		"type": "Feature",
		"properties": {
			"name": "澎湖列岛"
		},
		"geometry": {
		  "type": "Polygon",
		  "coordinates": [
			[
			  [
				119.60884094238281,
				23.775919607316705
			  ],
			  [
				119.45571899414062,
				23.572798279092712
			  ],
			  [
				119.50653076171874,
				23.479621953329048
			  ],
			  [
				119.61090087890625,
				23.50103316052575
			  ],
			  [
				119.70359802246094,
				23.553287079563514
			  ],
			  [
				119.67681884765624,
				23.674712836608773
			  ],
			  [
				119.60884094238281,
				23.775919607316705
			  ]
			]
		  ]
		}
	  },
	  {
		"type": "Feature",
		"properties": {
			"name": "兰屿"
		},
		"geometry": {
		  "type": "Polygon",
		  "coordinates": [
			[
			  [
				121.49917602539062,
				22.089457418733065
			  ],
			  [
				121.49093627929689,
				22.046186184121368
			  ],
			  [
				121.61727905273438,
				21.931580835370344
			  ],
			  [
				121.61178588867186,
				22.00799468874913
			  ],
			  [
				121.57745361328125,
				22.084367373019568
			  ],
			  [
				121.49917602539062,
				22.089457418733065
			  ]
			]
		  ]
		}
	  },
	  {
		"type": "Feature",
		"properties": {
			"name": "钓鱼岛"
		},
		"geometry": {
		  "type": "Polygon",
		  "coordinates": [[
			[123.25165252685547, 25.73527164402261],
        [123.65731445312499, 25.59527164402261],
        [123.75731445312499, 25.910734064600884],
        [123.45165252685547, 25.800734064600884],
        [123.25165252685547, 25.73527164402261]
		  ]]
		}
	  },
	  {
		"type": "Feature",
		"properties": {
			"name": "赤尾屿"
		},
		"geometry": {
		  "type": "Polygon",
		  "coordinates": [[
			[124.45165252685547, 25.93527164402261],
        [124.85731445312499, 25.79527164402261],
        [124.95731445312499, 25.810734064600884],
        [124.65165252685547, 26.000734064600884],
        [124.45165252685547, 25.93527164402261]
		  ]]
		}
	  },
	  {
		"type": "Feature",
		"properties": {
			"name": "东沙环礁"
		},
		"geometry": {
		  "type": "Polygon",
		  "coordinates": [
			[
			  [
				116.89453125,
				20.78693059257028
			  ],
			  [
				116.80389404296875,
				20.787251566955906
			  ],
			  [
				116.70570373535156,
				20.755792834207035
			  ],
			  [
				116.68064117431642,
				20.648527202745747
			  ],
			  [
				116.76269531249999,
				20.582652987607144
			  ],
			  [
				116.85951232910155,
				20.580081709180345
			  ],
			  [
				116.93950653076172,
				20.67197796569526
			  ],
			  [
				116.89453125,
				20.78693059257028
			  ]
			]
		  ]
		}
	  },
	  {
		"type": "Feature",
		"properties": {
		  "name": "东沙群岛",
		  "stroke": "#555555",
		  "stroke-width": 2,
		  "stroke-opacity": 1,
		  "fill": "#555555",
		  "fill-opacity": 0.5
		},
		"geometry": {
		  "type": "Polygon",
		  "coordinates": [
			[
			  [
				115.8233642578125,
				21.197216077387093
			  ],
			  [
				115.70800781249999,
				21.06912308335472
			  ],
			  [
				115.7464599609375,
				20.925527866647226
			  ],
			  [
				115.9332275390625,
				20.88960751040438
			  ],
			  [
				116.06506347656249,
				21.01272715296389
			  ],
			  [
				116.0101318359375,
				21.161361200807214
			  ],
			  [
				115.8233642578125,
				21.197216077387093
			  ]
			]
		  ]
		}
	  }
	]
}